alpha,lambda,Accuracy,Kappa,AccuracyLower,AccuracyUpper,AccuracyPValue,McnemarPValue,Sensitivity,Specificity,Pos_Pred_Value,Neg_Pred_Value,Precision,Recall,F1,Detection_Rate,Balanced_Accuracy,logLoss,AUC,MCC,AccuracySD,KappaSD,AccuracyLowerSD,AccuracyUpperSD,AccuracyPValueSD,McnemarPValueSD,SensitivitySD,SpecificitySD,Pos_Pred_ValueSD,Neg_Pred_ValueSD,PrecisionSD,RecallSD,F1SD,Detection_RateSD,Balanced_AccuracySD,logLossSD,AUCSD,MCCSD
0.1,0.000110556988504454,0.647066711322098,0.297308939557867,0.637577071791309,0.656470056439861,7.67569379691292e-114,0,0.445827017315702,0.761188723799855,0.607275920030098,0.858678466494557,0.607275920030101,0.445827017315702,0.413473686097137,0.215688903774033,0.603507870557778,0.480927224186919,0.682619148318589,0.360998156881961,0.00347586737820082,0.0078711019057125,0.00349601458606308,0.00345367943972038,4.1997845035958e-113,0,0.00329219434613779,0.00257914587612961,0.0434697101070034,0.00178623197889241,0.0434697101070064,0.00329219434613779,0.00414607205301231,0.00115862245940028,0.00292707455717386,0.00215947301072419,0.00334816158451673,0.00703288242072267
0.1,0.000255400982695892,0.647073422618906,0.29732036300939,0.637583822591574,0.656476724292353,7.67569379691264e-114,0,0.445832262802331,0.761191726601489,0.607709996519329,0.85868607912213,0.607709996519332,0.445832262802331,0.413478909215098,0.215691140872969,0.60351199470191,0.480929424593896,0.682620991186894,0.361014359518816,0.00348155977355764,0.00788048062086499,0.00350174121686987,0.00345933425265444,4.19978450359581e-113,0,0.00329774047384051,0.00258114362078615,0.0434348178884886,0.00178572699824856,0.0434348178884915,0.00329774047384051,0.00415195127391903,0.00116051992451922,0.00293086273084757,0.00215981467410665,0.00335031061901864,0.00704454267124961
0.1,0.000590009395556206,0.647147246883922,0.297366260129123,0.637658058983021,0.656550093085853,7.60260716052345e-115,0,0.445801552230799,0.761195478302573,0.612097901986546,0.858990529329414,0.612097901986549,0.445801552230799,0.413343607968191,0.215715748961307,0.603498515266686,0.480977956694567,0.682640644163287,0.361288149924755,0.00339438245168312,0.00771661075198658,0.00341407802030783,0.00337269396120307,4.12271322044596e-114,0,0.0032183484274622,0.00253380520688591,0.0462678103451931,0.00167927854802268,0.0462678103451949,0.0032183484274622,0.00404609203395294,0.00113146081722771,0.0028671282503979,0.00216339602099412,0.00337608498598324,0.00681001312033749
0.1,0.0013629982280025,0.647211003359948,0.297324670937223,0.637722175898081,0.656613451688583,1.23993119855056e-115,0,0.445694504157311,0.761168044872676,0.618266764753469,0.859470369981466,0.618266764753471,0.445694504157311,0.413049440324566,0.215737001119983,0.603431274514993,0.481101866451292,0.68263410511967,0.36161601464553,0.00334715764457206,0.00762637427640261,0.00336658784838775,0.00332576224006511,6.3893030976475e-115,0,0.00317874235143273,0.00250348446750705,0.0589039215456394,0.00159246074959147,0.058903921545638,0.00317874235143273,0.00399436952007242,0.00111571921485735,0.00283192413449484,0.00216029214470554,0.00339815061388832,0.00668129380143916
0.1,0.0031487026876693,0.647174095449536,0.296943617342314,0.637685046491495,0.656576786944906,1.88951542941757e-115,0,0.445377572705607,0.761023836690565,0.624379744878827,0.860221710205402,0.624379744878829,0.445377572705607,0.412387961344787,0.215724698483179,0.603200704698086,0.481375506098935,0.682602296114209,0.361881658147413,0.00328608859379929,0.00751557247164663,0.00330516186373561,0.00326508588540837,1.01881084855592e-114,0,0.00309358054431328,0.00247208233222748,0.0626417947830347,0.00143778810313505,0.0626417947830303,0.00309358054431328,0.00383408107799033,0.00109536286459976,0.00277546706630707,0.00214555418957938,0.00339880475627727,0.00651106302322991
0.1,0.00727391159551653,0.647093553807041,0.296245804546798,0.637604052597243,0.656496744847459,1.21835289263192e-113,0,0.444798256445835,0.76076552883863,0.622557134577192,0.86159895410969,0.622557134577185,0.444798256445835,0.411077173390843,0.215697851269014,0.602781892642233,0.482002974921695,0.682542951454981,0.362347867221675,0.00336767222213004,0.00767185550312917,0.00338715697979107,0.00334621033475432,6.67201863748606e-113,0,0.00317531553353467,0.00250544104379345,0.105085517732673,0.0013317863775631,0.105085517732671,0.00317531553353467,0.00394835909356241,0.00112255740737669,0.00283326172233255,0.00212331570271206,0.00341074738985782,0.00673976563379911
0.1,0.016803679212582,0.647029804087582,0.295367441945276,0.637539934532229,0.656433400901433,4.84760210563759e-114,0,0.444127726342706,0.760420053198074,0.606132433551254,0.863678175659747,0.606132433551253,0.444127726342706,0.411585082318483,0.215676601362527,0.60227388977039,0.48359145287166,0.682003011717115,0.363232399788326,0.00335853764262807,0.00767220854723522,0.00337794050113067,0.0033371628627546,2.64220066274509e-113,0,0.00316817586885048,0.0024970983118565,0.160665581361216,0.001032066477051,0.160665581361215,0.00316817586885048,0.00423383361768767,0.00111951254754269,0.00282885297645717,0.00206727234357652,0.00343806988147069,0.00667569192442429
0.1,0.0388186784196557,0.646922428742829,0.294517708980004,0.637431937718182,0.656326710071254,4.85035146668812e-114,0,0.443641359911064,0.760086039159846,,0.8655985988938,,0.443641359911064,,0.215640809580943,0.601863699535455,0.487494549588709,0.679965248318789,0.364011981430184,0.00333271810340048,0.00760113986174782,0.00335196146642444,0.00331151790630067,2.64215629594448e-113,0,0.00311352524595594,0.00247219653260278,,0.000941157594918771,,0.00311352524595594,,0.00111090603446682,0.00278900744908014,0.00196558415101983,0.00345361804728547,0.00662189201133048
0.1,0.0896761819352239,0.646848610895615,0.294277732971387,0.637357697366975,0.656253358067586,1.2313422686273e-113,0,0.443532947868088,0.760000288378325,,0.865816550952354,,0.443532947868088,,0.215616203631872,0.601766618123206,0.495760822647045,0.673878118783462,0.363992198904381,0.00334556619919426,0.0076302554305191,0.00336486128622415,0.00332430660343352,6.66989334500319e-113,0,0.00312720389812573,0.00247912072877757,,0.000913091714164115,,0.00312720389812573,,0.00111518873306475,0.00279939775029205,0.00176552196478723,0.00348154808121429,0.00664620663124863
0.1,0.207163611278622,0.646929144430843,0.294419215373558,0.637438695270552,0.656333379948448,4.95249776243425e-114,0,0.443583720162585,0.760042061654441,,0.865983431522,,0.443583720162585,,0.215643048143614,0.601812890908513,0.509592659692663,0.660654717312837,0.364225624342908,0.00335497589025307,0.00764631402910384,0.00337433717695082,0.00333364457874694,2.64103157865111e-113,0,0.00313345915854964,0.00248343974880505,,0.000915263048182453,,0.00313345915854964,,0.00111832529675103,0.00280470040399376,0.00143179488008437,0.00368816886001868,0.00667302942833164
0.2,0.000110556988504454,0.647066710308733,0.297316858048556,0.637577072030776,0.656470054174612,1.21864380699035e-113,0,0.445844454731585,0.761190621332242,0.608488468626851,0.858656789550127,0.608488468626853,0.445844454731585,0.413514003253039,0.215688903436244,0.603517538031913,0.480904810838273,0.682613127092687,0.360991567381598,0.00348420914839753,0.00788589503759601,0.00350440440843956,0.0034619682846579,6.67196408409827e-113,0,0.00330379922214796,0.00258268476222732,0.0433693493663512,0.00178476828241714,0.0433693493663541,0.00330379922214796,0.00416737328843162,0.00116140304946585,0.00293430921105308,0.00215983952680977,0.00334452480244536,0.00705813234968918
0.2,0.000255400982695892,0.647117043514773,0.297354496682574,0.637627687163269,0.656520075902339,1.91502588280091e-114,0,0.445817781982313,0.761197081023496,0.60953714616731,0.858851001836421,0.609537146167311,0.445817781982313,0.413407034399016,0.215705681171591,0.603507431502904,0.480918985727935,0.682635051274075,0.361169102522772,0.00343167735757951,0.00778715479339337,0.00345158183929633,0.00340975813678266,1.04471015421361e-113,0,0.00324999857953941,0.00255418684693963,0.0459064674410833,0.00171044158693338,0.0459064674410843,0.00324999857953941,0.00408657112962949,0.00114389245252651,0.00289300970882599,0.00216466371698146,0.00336800905020344,0.00690497137639732
0.2,0.000590009395556206,0.647200935570073,0.297371541180222,0.637712052553813,0.656603445364666,3.04013870481935e-115,0,0.445752042064279,0.761187996992712,0.617100400289968,0.859287689000869,0.61710040028997,0.445752042064279,0.413184508605516,0.215733645190024,0.603470019528496,0.480970518873378,0.682640060394456,0.36151616389065,0.00336412893290642,0.00765917331220268,0.00338365307921577,0.00334262964851033,1.62392920402778e-114,0,0.00321647254443851,0.00251108102984022,0.0546954391272133,0.00159255520930028,0.0546954391272131,0.00321647254443851,0.00406946694578208,0.00112137631096881,0.00285473530953847,0.00216684025325148,0.00339120524801158,0.00672819456874459
0.2,0.0013629982280025,0.647133825303809,0.297003945208867,0.637644556745823,0.656536760043655,1.89043334497066e-115,0,0.445483594036808,0.761053941155825,0.61944111144736,0.85983188670037,0.619441111447362,0.445483594036808,0.412660640171789,0.21571127510127,0.603268767596317,0.481096894826558,0.682615343427514,0.361637077835001,0.00337158848975427,0.00766221861638789,0.00339115716210758,0.00335004026332825,1.01879338650752e-114,0,0.0031621692553209,0.00251367578795304,0.0625540106020636,0.00163220119809337,0.0625540106020612,0.0031621692553209,0.00391953233692805,0.00112386282991809,0.00283022344760003,0.00216068867950505,0.00339860331536411,0.0067455182437582
0.2,0.0031487026876693,0.647153956491809,0.296601315851079,0.637664792681951,0.656556774666876,1.90847560475536e-114,0,0.445094921981023,0.760889946491718,0.630185170886397,0.861035373336838,0.630185170886395,0.445094921981023,0.411975088591812,0.21571798549727,0.602992434236371,0.481387472595208,0.682602637076976,0.362227976759736,0.00329500279297772,0.0075188840343687,0.00331409215877761,0.00327397890751725,1.04482636548457e-113,0,0.00308209254492596,0.00246560063498243,0.0854461396628748,0.00137969095802249,0.0854461396628724,0.00308209254492596,0.00375501324761911,0.0010983342643259,0.00276620643724734,0.00215274839919915,0.00339793813980742,0.00656826032526926
0.2,0.00727391159551653,0.647093563602277,0.295773658008586,0.637604059808546,0.656496757215595,1.91269940039112e-114,0,0.444432378597425,0.760572142049534,0.624292843392654,0.862978387588826,0.624292843392647,0.444432378597425,0.41036273842731,0.215697854534092,0.60250226032348,0.482196468467679,0.682314555497164,0.363015523945682,0.0033492211809583,0.00761932944884713,0.00336860071996944,0.00332787508793858,1.04474932237012e-113,0,0.0031148419936509,0.00248454265587807,0.119323538759696,0.0012090714202942,0.119323538759695,0.0031148419936509,0.00392203241891982,0.00111640706031943,0.00279364652299106,0.00212705987328118,0.00342599326831968,0.00671370070975308
0.2,0.016803679212582,0.646818406174812,0.294458949182035,0.63732732233054,0.656223341399389,1.220670411623e-113,0,0.443644753372508,0.760085868122801,,0.864972382885416,,0.443644753372508,,0.215606135391604,0.601865310747654,0.484453430133226,0.680815802529702,0.363493514046903,0.00336794283872303,0.00766666471797416,0.00338737036810842,0.00334653777972981,6.67158907384027e-113,0,0.00313980506408686,0.00249182865798612,,0.00106094381580902,,0.00313980506408686,,0.00112264761290768,0.00281201525197197,0.0020669056100688,0.00342664406688473,0.00672333643823244
0.2,0.0388186784196557,0.646831832822502,0.294248251837496,0.637340822228787,0.656236686911162,1.23134226924537e-113,0,0.443522370289953,0.759991585521648,,0.865781791605801,,0.443522370289953,,0.215610610940834,0.601756977905801,0.489866460947363,0.675640274502868,0.363943513312896,0.00334115063584069,0.00762325976256916,0.00336041843104307,0.00331992092952624,6.66989334488515e-113,0,0.00312432864429706,0.00247742415392915,,0.000907541134816813,,0.00312432864429706,,0.00111371687861357,0.00279710197815136,0.00194665776581655,0.00347773537396158,0.00663157870988149
0.2,0.0896761819352239,0.646878811224599,0.29433079272753,0.63738807264234,0.656283365717478,7.79995235364847e-114,0,0.443551987428182,0.760015953356826,,0.86587893054705,,0.443551987428182,,0.2156262704082,0.601783970392504,0.49961212496322,0.663428708762658,0.364079633624887,0.00335484297743586,0.00764599400113874,0.0033741965785459,0.00333351941743351,4.19795704003061e-113,0,0.00313315696388271,0.00248346226986693,,0.000926242288373962,,0.00313315696388271,,0.00111828099247862,0.00280455761331142,0.00171600708651779,0.00351754342068245,0.00667365536282232
0.2,0.207163611278622,0.646929144430843,0.294419215373558,0.637438695270552,0.656333379948448,4.95249776243425e-114,0,0.443583720162585,0.760042061654441,,0.865983431522,,0.443583720162585,,0.215643048143614,0.601812890908513,0.514352817832031,0.652367263769662,0.364225624342908,0.00335497589025307,0.00764631402910384,0.00337433717695082,0.00333364457874694,2.64103157865111e-113,0,0.00313345915854964,0.00248343974880505,,0.000915263048182453,,0.00313345915854964,,0.00111832529675103,0.00280470040399376,0.00133312331190612,0.00357848009903819,0.00667302942833164
0.3,0.000110556988504454,0.647083490070834,0.297336387717058,0.637593946160534,0.656486729715974,4.83244197018525e-114,0,0.445837595296577,0.761196316113698,0.60772636761208,0.858711041431333,0.607726367612083,0.445837595296577,0.413482887208082,0.215694496690278,0.603516955705138,0.480898311158747,0.682620627159928,0.361045081139284,0.00346931261787967,0.00785867517041705,0.00348942581520914,0.0034471625162552,2.64247568976497e-113,0,0.00328947979063801,0.002574789892418,0.0434314524334755,0.00176233189270032,0.0434314524334784,0.00328947979063801,0.00414359868048688,0.00115643753929323,0.00292354081468911,0.00216224213915429,0.00335197996617093,0.00701009778487109
0.3,0.000255400982695892,0.647160668802186,0.297385350539245,0.637671557118219,0.656563430906809,4.84384717293485e-115,0,0.445805957035643,0.761201019661535,0.612305790124683,0.859037352297617,0.612305790124684,0.445805957035643,0.413344492830869,0.215720222934062,0.603503488348589,0.480911835014421,0.682641040024413,0.361335091129876,0.0033869270364337,0.00769838265189429,0.0034065798204834,0.00336528572026226,2.58770537466461e-114,0,0.00320999339997403,0.00252738903813273,0.0476432024073082,0.00166866854266486,0.047643202407308,0.00320999339997403,0.00403622286843929,0.00112897567881123,0.0028597717385743,0.0021678409272277,0.00337901058294857,0.00679409631022678
0.3,0.000590009395556206,0.647153957843598,0.297185920897006,0.637664805316341,0.656556764732229,3.04006345329636e-115,0,0.445640894624,0.761121846663327,0.617757237549535,0.859489844018495,0.617757237549537,0.445640894624,0.412988372010421,0.215717985947866,0.603381370643664,0.480964351270799,0.682637249038243,0.361522640881757,0.00337211482378106,0.00767545067584523,0.00339168116398647,0.00335056864080123,1.62393064732437e-114,0,0.00321582663986457,0.00251567858179538,0.0580588596956608,0.00160910942999325,0.058058859695659,0.00321582663986457,0.00406167540609785,0.00112403827459368,0.00285651049977913,0.00216664878102538,0.00339544210384355,0.00675607119992748
0.3,0.0013629982280025,0.647187514327839,0.296943798187795,0.637698545234139,0.656590118081332,1.87212643108535e-115,0,0.445403259657579,0.7610171992016,0.626353813685563,0.86033792316647,0.626353813685564,0.445403259657579,0.41245039746275,0.215729171442613,0.60321022942959,0.481095826003751,0.682599135294815,0.361978185872633,0.00330367737376578,0.00754102387751495,0.00332287148585653,0.00328254358163243,1.01903869023936e-114,0,0.00308864755584939,0.00247969799945272,0.0625037038794984,0.00146589204320212,0.062503703879494,0.00308864755584939,0.0038081460390566,0.00110122579125526,0.00277682427511495,0.0021635333059538,0.00338976599725046,0.00655645128702763
0.3,0.0031487026876693,0.647076780800214,0.296153262386902,0.637587179886804,0.65648008139039,7.55826827443856e-115,0,0.444770226466065,0.76072756426721,0.626474596627964,0.861776257549961,0.626474596627958,0.444770226466065,0.410890157583918,0.215692260266738,0.602748895366637,0.481433259943637,0.682545366788388,0.36241613960237,0.00334597896673229,0.00762884202681686,0.00336534503535401,0.00332464837379473,4.12337365402345e-114,0,0.00314914246323839,0.00249324582033552,0.101324762926706,0.00123906456806663,0.101324762926705,0.00314914246323839,0.00389978279634064,0.0011153263222441,0.00281380069027706,0.00215740289591897,0.00341517047397259,0.00666176357245734
0.3,0.00727391159551653,0.646932491465263,0.295083721549445,0.637442054695813,0.656336712633167,4.83905180830625e-114,0,0.44402052365368,0.760319582876208,0.627377425923051,0.863863651011636,0.62737742592305,0.44402052365368,0.410614731230761,0.215644163821754,0.602170053264944,0.482492717430161,0.681922023516525,0.363156793321214,0.00330805871527522,0.00757290299344165,0.00332714920878121,0.00328702597257854,2.64235344807429e-113,0,0.00311706688286703,0.0024684741328058,0.161055602460394,0.000966069759128675,0.161055602460394,0.00311706688286703,0.00356847102467829,0.00110268623842507,0.00278784495820507,0.0021193588189454,0.00341162532381377,0.00654607339522024
0.3,0.016803679212582,0.646892228413845,0.294424850800948,0.637401566044131,0.656296698819357,4.91164778137375e-114,0,0.443602032930361,0.760052021997467,,0.865659076144544,,0.443602032930361,,0.215630742804615,0.601827027463914,0.485508732829184,0.678943122140052,0.36399384628147,0.00334861599535471,0.00763815734779492,0.00336794347279959,0.00332732235206714,2.64130528181917e-113,0,0.00312914776433519,0.00248323353556231,,0.000933162197675234,,0.00312914776433519,,0.0011162053317849,0.00280241591614936,0.00206980135623156,0.00345136837286658,0.00664914336666675
0.3,0.0388186784196557,0.646848610895615,0.294277732971387,0.637357697366975,0.656253358067586,1.2313422686273e-113,0,0.443532947868088,0.760000288378325,,0.865816550952354,,0.443532947868088,,0.215616203631872,0.601766618123206,0.491769717398684,0.671323438787226,0.363992198904381,0.00334556619919426,0.0076302554305191,0.00336486128622415,0.00332430660343352,6.66989334500319e-113,0,0.00312720389812573,0.00247912072877757,,0.000913091714164115,,0.00312720389812573,,0.00111518873306475,0.00279939775029205,0.0019197542635647,0.00338692938572328,0.00664620663124863
0.3,0.0896761819352239,0.646929144430843,0.294419215373558,0.637438695270552,0.656333379948448,4.95249776243425e-114,0,0.443583720162585,0.760042061654441,,0.865983431522,,0.443583720162585,,0.215643048143614,0.601812890908513,0.501820162309331,0.652452055766459,0.364225624342908,0.00335497589025307,0.00764631402910384,0.00337433717695082,0.00333364457874694,2.64103157865111e-113,0,0.00313345915854964,0.00248343974880505,,0.000915263048182453,,0.00313345915854964,,0.00111832529675103,0.00280470040399376,0.00167709170769381,0.00359302550231646,0.00667302942833164
0.3,0.207163611278622,0.646929144430843,0.294419215373558,0.637438695270552,0.656333379948448,4.95249776243425e-114,0,0.443583720162585,0.760042061654441,,0.865983431522,,0.443583720162585,,0.215643048143614,0.601812890908513,0.518868451182065,0.630931064262839,0.364225624342908,0.00335497589025307,0.00764631402910384,0.00337433717695082,0.00333364457874694,2.64103157865111e-113,0,0.00313345915854964,0.00248343974880505,,0.000915263048182453,,0.00313345915854964,,0.00111832529675103,0.00280470040399376,0.001211913333622,0.00304421028150119,0.00667302942833164
0.4,0.000110556988504454,0.647113689724195,0.297375627833733,0.637624311894475,0.656516745558565,1.91509621832002e-114,0,0.445846898119274,0.761205637255851,0.60917096577182,0.858785709091032,0.609170965771823,0.445846898119274,0.413476487828444,0.215704563241398,0.603526267687562,0.48089266417232,0.682627800190127,0.361136200191957,0.00341720778779732,0.00775840563270447,0.00343702162867991,0.00339538765678548,1.04470882225741e-113,0,0.00323525874956689,0.00254600375513326,0.0425868827347156,0.00169580863812962,0.0425868827347183,0.00323525874956689,0.00406526275324744,0.00113906926259911,0.00288195187950449,0.00216447452701087,0.00336109136275603,0.00687425327672062
0.4,0.000255400982695892,0.647174091733816,0.297367009216363,0.637685056929916,0.656576769076679,4.84402837087753e-115,0,0.445772435044569,0.761191498720454,0.61557255322641,0.859143482690438,0.615572553226412,0.445772435044569,0.413253417461005,0.215724697244605,0.603481966882511,0.480907474195556,0.682640958537904,0.361401673300965,0.00338383963705252,0.00769166387335979,0.00340347339043591,0.00336221914947432,2.58770187317492e-114,0,0.00320526929899708,0.00252393205966405,0.0471987412342994,0.00165119520099882,0.0471987412342993,0.00320526929899708,0.0040216393746399,0.00112794654568417,0.0028560057638649,0.00216986096174188,0.00338802383180095,0.00678035543932842
0.4,0.000590009395556206,0.647110333569619,0.297024362390837,0.63762093172981,0.6565134153859,3.01400810252219e-115,0,0.445513605277042,0.761067083500335,0.615957174988796,0.859616189952859,0.615957174988798,0.445513605277042,0.41274018779849,0.215703444523206,0.603290344388688,0.48095998101565,0.682630773299258,0.361491616094677,0.00338541300965935,0.00769008147569421,0.00340505908115814,0.00336377933473343,1.62412544677248e-114,0,0.00317084000566056,0.0025234711527137,0.0554913198197883,0.00162294371729352,0.0554913198197861,0.00317084000566056,0.00392624874133047,0.00112847100321978,0.00283927738555728,0.00216724416474372,0.00339819732129469,0.00677318694691193
0.4,0.0013629982280025,0.647180801341839,0.296792750156128,0.637691796062532,0.656583445223174,1.86917157369318e-115,0,0.445266190323012,0.760957998817305,0.630634604836913,0.860685115025275,0.630634604836915,0.445266190323012,0.412347229295927,0.215726933780613,0.603112094570158,0.481092577255027,0.68260783560178,0.362125917881078,0.00332133257451736,0.00759427340349779,0.00334060834564058,0.003300106809521,1.01908356897845e-114,0,0.00313824546971529,0.00249132779553014,0.0767305561230955,0.00138721426086737,0.0767305561230937,0.00313824546971529,0.00382758454760367,0.00110711085817245,0.00280836683251526,0.00216793298424531,0.003394758739877,0.00659832861411147
0.4,0.0031487026876693,0.647046587901378,0.29586866564616,0.637556806372509,0.656450086832091,2.97897800592721e-115,0,0.444532158256376,0.760621534995155,0.624050621681635,0.862381406297777,0.624050621681625,0.444532158256376,0.410418202073295,0.215682195967126,0.602576846625765,0.481501645666314,0.682459336808343,0.362638130774232,0.00329883858150565,0.0075346536593947,0.00331792000810568,0.00327782012474276,1.62460744299804e-114,0,0.00308185878240194,0.00246206080233962,0.104616456552967,0.00115548463496977,0.104616456552965,0.00308185878240194,0.0038557399676938,0.00109961286050188,0.0027660081957764,0.00215770157802976,0.00341702803592383,0.00655484481441003
0.4,0.00727391159551653,0.646791557609606,0.29456735032183,0.637300320370901,0.656196661995134,4.87393948151217e-113,0,0.443714642092871,0.760139993894147,0.499719163260182,0.864443053005449,0.499719163260182,0.443714642092871,0.413078590552645,0.215597185869869,0.601927317993509,0.482851126153754,0.681352950523378,0.363169063916018,0.00337404694385401,0.0076734377345378,0.00339349943794066,0.00335261343955857,2.66788819527576e-112,0,0.00314620279587551,0.00249340090331773,0.13710315832801,0.00111757587339622,0.13710315832801,0.00314620279587551,,0.00112468231461801,0.0028157763516822,0.0021205494029774,0.00341948751031979,0.006764045845863
0.4,0.016803679212582,0.646818408539899,0.294232783391134,0.637327320738849,0.656223347719239,1.22683637497723e-113,0,0.443517964603698,0.759988417919729,,0.865728984521415,,0.443517964603698,,0.215606136179966,0.601753191261714,0.486515074664561,0.676995913888013,0.363890125171702,0.00334070119260555,0.00762207692669455,0.00335996877500641,0.00331947201552777,6.67054637653257e-113,0,0.00312360740339397,0.00247719479323548,,0.00090982153717651,,0.00312360740339397,,0.00111356706420185,0.00279661734819966,0.0020503638327639,0.00344350634982632,0.00663103567752524
0.4,0.0388186784196557,0.646855322530233,0.294289520145511,0.637364446875955,0.656260027886903,7.79995235642889e-114,0,0.443537179060438,0.760003769848202,,0.865830647190656,,0.443537179060438,,0.215618440843411,0.60177047445432,0.493422889349248,0.666847746932246,0.364011743669862,0.00334071956114515,0.00762193769059983,0.0033599887658953,0.00331948868010935,4.19795703997716e-113,0,0.00312415829079069,0.00247675550797248,,0.000899588413454147,,0.00312415829079069,,0.00111357318704838,0.00279668725871911,0.00189252263775651,0.00344049460977135,0.00663089364673335
0.4,0.0896761819352239,0.646929144430843,0.294419215373558,0.637438695270552,0.656333379948448,4.95249776243425e-114,0,0.443583720162585,0.760042061654441,,0.865983431522,,0.443583720162585,,0.215643048143614,0.601812890908513,0.503638180488848,0.652779422404274,0.364225624342908,0.00335497589025307,0.00764631402910384,0.00337433717695082,0.00333364457874694,2.64103157865111e-113,0,0.00313345915854964,0.00248343974880505,,0.000915263048182453,,0.00313345915854964,,0.00111832529675103,0.00280470040399376,0.00163735180884345,0.00362395740973798,0.00667302942833164
0.4,0.207163611278622,0.646929144430843,0.294419215373558,0.637438695270552,0.656333379948448,4.95249776243425e-114,0,0.443583720162585,0.760042061654441,,0.865983431522,,0.443583720162585,,0.215643048143614,0.601812890908513,0.521506164982821,0.630931064262839,0.364225624342908,0.00335497589025307,0.00764631402910384,0.00337433717695082,0.00333364457874694,2.64103157865111e-113,0,0.00313345915854964,0.00248343974880505,,0.000915263048182453,,0.00313345915854964,,0.00111832529675103,0.00280470040399376,0.00112071493595133,0.00304421028150119,0.00667302942833164
0.5,0.000110556988504454,0.647117044528003,0.29735077363385,0.637627686901723,0.656520078189417,1.91938147943081e-114,0,0.445814739578146,0.761195661809814,0.608929963703687,0.858867609115408,0.608929963703689,0.445814739578146,0.413402160714004,0.215705681509334,0.60350520069398,0.480887822584544,0.682633703266377,0.361177980422935,0.00342320504441633,0.00777567902908203,0.00344305076545883,0.00340134953757947,1.04463969102315e-113,0,0.00324344785964454,0.00255183872382747,0.0457555384187088,0.00169992529160015,0.0457555384187098,0.00324344785964454,0.00408048290557211,0.00114106834813878,0.00288853024799819,0.00216613607619583,0.0033671952029683,0.00688131308269248
0.5,0.000255400982695892,0.647170736592062,0.297310457608569,0.63768168135298,0.656573436340066,3.04015261828977e-115,0,0.445724888628625,0.761170125380392,0.61545491685144,0.859272133484687,0.615454916851442,0.445724888628625,0.413152316573319,0.215723578864021,0.603447507004508,0.48090434728908,0.682639966248947,0.361450506735837,0.00337630448243421,0.00768131831529435,0.00339589631943906,0.003354730326235,1.62392893464998e-114,0,0.00322578864110439,0.00251722740211159,0.0545876817025561,0.00160194374748286,0.0545876817025556,0.00322578864110439,0.00407826012321699,0.00112543482747807,0.00286259387516009,0.00216988161230362,0.00339052115536124,0.00675539969729216
0.5,0.000590009395556206,0.647130469824243,0.296999975724673,0.637641181085081,0.65653342671558,2.98604548674571e-115,0,0.445480463264943,0.761053944579286,0.617210211102718,0.859830776891749,0.617210211102719,0.445480463264943,0.41265661275814,0.215710156608081,0.603267203922115,0.480959090696059,0.682613274071428,0.361627892151801,0.00336579283706379,0.00765507845078226,0.00338532597407725,0.0033442835458619,1.62449233839096e-114,0,0.00315918030344517,0.0025125456764439,0.0578352659347401,0.00163303958462784,0.0578352659347367,0.00315918030344517,0.00391725815222918,0.00112193094568793,0.0028281837904017,0.00216816032612683,0.00339531787491301,0.00672462131629371
0.5,0.0013629982280025,0.647147245532745,0.296596805715163,0.637658043094011,0.656550106276959,1.90795422610654e-114,0,0.445112785749324,0.760887422582602,0.629440446321281,0.861012412714191,0.629440446321279,0.445112785749324,0.412028218825878,0.215715748510915,0.603000104165963,0.481099069770767,0.682602027218161,0.362212430148656,0.00329506584056281,0.00752623836056787,0.00331416531517849,0.00327403180104765,1.0448361524347e-113,0,0.00310949721323988,0.00246635652201656,0.0788763453429144,0.00137037291737418,0.0788763453429115,0.00310949721323988,0.00381675182627988,0.0010983552801876,0.00278077668300917,0.00216910650495005,0.00339539518514866,0.0065658693414182
0.5,0.0031487026876693,0.647039874578791,0.295683366916334,0.637550055822866,0.656443414679362,1.2022040677703e-114,0,0.444397518138131,0.760547149330001,0.619355702853079,0.862876456077958,0.619355702853071,0.444397518138131,0.410330129360441,0.21567995819293,0.602472333734066,0.481597651730919,0.682332031649386,0.362863055015476,0.00330877555270022,0.00754785757339003,0.00332791214614593,0.00328769615418041,6.56495786770984e-114,0,0.00308686321906981,0.00246456332433444,0.115077017006219,0.00115523876836772,0.115077017006217,0.00308686321906981,0.00389206096782583,0.00110292518423341,0.00276969532318914,0.002155004169496,0.0034043712857179,0.00660282009168125
0.5,0.00727391159551653,0.646764715800081,0.294351031821515,0.637273320243677,0.656169994262821,1.93727761032168e-113,0,0.443602790763628,0.760052323139888,,0.864909236711353,,0.443602790763628,,0.215588238600027,0.601827556951758,0.483268874021086,0.68061642134258,0.363362761820254,0.00334570951573938,0.00761508635647705,0.00336499217019672,0.00332446242086179,1.0594136380118e-112,0,0.00311720876070537,0.00247557954219221,,0.00106219876778923,,0.00311720876070537,,0.00111523650524646,0.00279256265437226,0.00212600635346029,0.00342924657762464,0.00668468613890092
0.5,0.016803679212582,0.646828477005193,0.294242357097315,0.637337447241642,0.656233352234201,1.2313422692467e-113,0,0.443520254693778,0.75998984478671,,0.865774800500806,,0.443520254693778,,0.215609492335064,0.601755049740244,0.487460721043053,0.67500116793435,0.363933770723665,0.00334193129566044,0.00762461150537837,0.00336120412420703,0.00332069610381761,6.6698933448849e-113,0,0.00312484426086826,0.0024778033751768,,0.000908727853298014,,0.00312484426086826,,0.00111397709855348,0.0027975504571861,0.0020448963944454,0.00345556201548834,0.0066339588460523
0.5,0.0388186784196557,0.646878811224599,0.29433079272753,0.63738807264234,0.656283365717478,7.79995235364847e-114,0,0.443551987428182,0.760015953356826,,0.86587893054705,,0.443551987428182,,0.2156262704082,0.601783970392504,0.494681462173233,0.662165851574613,0.364079633624887,0.00335484297743586,0.00764599400113874,0.0033741965785459,0.00333351941743351,4.19795704003061e-113,0,0.00313315696388271,0.00248346226986693,,0.000926242288373962,,0.00313315696388271,,0.00111828099247862,0.00280455761331142,0.00189841044814271,0.00358472662224207,0.00667365536282232
0.5,0.0896761819352239,0.646929144430843,0.294419215373558,0.637438695270552,0.656333379948448,4.95249776243425e-114,0,0.443583720162585,0.760042061654441,,0.865983431522,,0.443583720162585,,0.215643048143614,0.601812890908513,0.505147620218491,0.651582577786662,0.364225624342908,0.00335497589025307,0.00764631402910384,0.00337433717695082,0.00333364457874694,2.64103157865111e-113,0,0.00313345915854964,0.00248343974880505,,0.000915263048182453,,0.00313345915854964,,0.00111832529675103,0.00280470040399376,0.00165498858783106,0.00431739773018452,0.00667302942833164
0.5,0.207163611278622,0.646929144430843,0.294419215373558,0.637438695270552,0.656333379948448,4.95249776243425e-114,0,0.443583720162585,0.760042061654441,,0.865983431522,,0.443583720162585,,0.215643048143614,0.601812890908513,0.524207289163265,0.630931064262839,0.364225624342908,0.00335497589025307,0.00764631402910384,0.00337433717695082,0.00333364457874694,2.64103157865111e-113,0,0.00313345915854964,0.00248343974880505,,0.000915263048182453,,0.00313345915854964,,0.00111832529675103,0.00280470040399376,0.00103280788765317,0.00304421028150119,0.00667302942833164
0.6,0.000110556988504454,0.647137179094183,0.297370657268361,0.637647933685881,0.656540088715474,1.91933372205104e-114,0,0.445821348346864,0.76119897586215,0.611119930533949,0.858939072874478,0.61111993053395,0.445821348346864,0.413401018988289,0.215712393031394,0.603510162104507,0.480884209403062,0.682637303063033,0.361249792809976,0.00339788480223706,0.00772145802975343,0.0034175880001365,0.00337618665741149,1.04464059821933e-113,0,0.00322365862079919,0.00253469690669573,0.0467143926858761,0.00169761682398728,0.0467143926858772,0.00322365862079919,0.00405910367173878,0.00113262826741235,0.00286993046110726,0.00216734187993137,0.00337182303546939,0.00682533368253337
0.6,0.000255400982695892,0.647157315687435,0.297241805809689,0.637668183840816,0.656560099922227,3.01318063438918e-115,0,0.445673024012714,0.761145753336858,0.61506457962323,0.859370631316157,0.615064579623232,0.445673024012714,0.413051193105639,0.215719105229145,0.603409388674786,0.480900883298637,0.682638760962812,0.361468585931813,0.00338103194346777,0.00768902976041615,0.00340065517324712,0.00335942357574418,1.62414116465488e-114,0,0.00321997507669333,0.00251971449308219,0.0557248781701765,0.00162698316475731,0.0557248781701763,0.00321997507669333,0.00406055720609618,0.00112701064782259,0.00286061634489861,0.00217026908185529,0.00339453071001613,0.006772782924727
0.6,0.000590009395556206,0.647177450591291,0.29702297580878,0.637688430983183,0.656580110765005,7.49354316900272e-116,0,0.44547601127227,0.761051877381507,0.622308742320978,0.860071006700039,0.622308742320981,0.44547601127227,0.412614991819259,0.215725816863764,0.603263944326888,0.480958345175707,0.682600257663304,0.361834701606098,0.00335510108113239,0.00764808393054035,0.00337458971531052,0.00333364249579878,4.00305991064878e-115,0,0.00315454891365822,0.00251143475200875,0.0618536086024605,0.00151745839382976,0.061853608602458,0.00315454891365822,0.0039104322781758,0.00111836702704413,0.0028257531560696,0.00216939112983122,0.00338944929709205,0.00667210858779444
0.6,0.0013629982280025,0.647106975725373,0.296380866233632,0.637617547911971,0.656510085489535,3.03482255898762e-114,0,0.444972205156199,0.760808436526306,0.640228246473032,0.861342987490429,0.640228246473026,0.444972205156199,0.411727807459561,0.215702325241791,0.602890320841253,0.481111500259753,0.682590466008916,0.362286383406292,0.00334076967449936,0.00760241363787994,0.00336011932594357,0.00331945869972064,1.66201707453976e-113,0,0.00313061630739756,0.00248582319279137,0.0910771105017446,0.00138864955544941,0.0910771105017433,0.00313061630739756,0.00389245540069278,0.00111358989149979,0.00280071062283459,0.00217125540882425,0.00340741769644843,0.00670165945380694
0.6,0.0031487026876693,0.646992891785896,0.295421987747056,0.637502811969894,0.656396720533936,4.84324960649259e-114,0,0.444254518299752,0.760444618018921,0.621950529837523,0.863318540353755,0.621950529837516,0.444254518299752,0.410218605726693,0.215664297261965,0.602349568159337,0.481712832503582,0.682171488976441,0.363011873122116,0.00337318509409453,0.00768292094409921,0.00339267424861533,0.00335171544572108,2.64227839808917e-113,0,0.00314716196579891,0.00250239513441146,0.12930394642599,0.0011148902122225,0.129303946425989,0.00314716196579891,0.0040813017602071,0.00112439503136484,0.00281933720232594,0.0021512515322197,0.00339712303948882,0.0067442809125328
0.6,0.00727391159551653,0.646865378835273,0.294437847738084,0.637374559692353,0.656270021782335,4.85457201343668e-114,0,0.443617566231505,0.76006467237294,,0.865408239315678,,0.443617566231505,,0.215621792945091,0.601841119302223,0.483716748589365,0.679743682606862,0.363811117625133,0.00333206094883911,0.00759273383144146,0.0033512953432874,0.00331087024091522,2.64208062226086e-113,0,0.00310940549013305,0.00246859001490695,,0.000996929726941546,,0.00310940549013305,,0.00111068698294638,0.00278514111385775,0.00213127354527901,0.00344997538557004,0.00663659825299115
0.6,0.016803679212582,0.646848610895615,0.294277732971387,0.637357697366975,0.656253358067586,1.2313422686273e-113,0,0.443532947868088,0.760000288378325,,0.865816550952354,,0.443532947868088,,0.215616203631872,0.601766618123206,0.488218053638774,0.672967734695726,0.363992198904381,0.00334556619919426,0.0076302554305191,0.00336486128622415,0.00332430660343352,6.66989334500319e-113,0,0.00312720389812573,0.00247912072877757,,0.000913091714164115,,0.00312720389812573,,0.00111518873306475,0.00279939775029205,0.00204185476003735,0.00341578572365524,0.00664620663124863
0.6,0.0388186784196557,0.646919076978915,0.294401530121656,0.637428569100973,0.656323377125948,4.95249776683942e-114,0,0.44357737337406,0.760036839449627,,0.865962820932207,,0.44357737337406,,0.215639692326305,0.601807106411843,0.495336468767558,0.657414997019514,0.36419663849508,0.00334936585921789,0.00763621632480347,0.00336869355077494,0.00332807145634416,2.64103157856565e-113,0,0.00312994281990815,0.00248033807811282,,0.000907650516315595,,0.00312994281990815,,0.00111645528640596,0.00280138911603582,0.00190253755632518,0.00414701701771019,0.00665865616724117
0.6,0.0896761819352239,0.646929144430843,0.294419215373558,0.637438695270552,0.656333379948448,4.95249776243425e-114,0,0.443583720162585,0.760042061654441,,0.865983431522,,0.443583720162585,,0.215643048143614,0.601812890908513,0.505792057503262,0.630931064262839,0.364225624342908,0.00335497589025307,0.00764631402910384,0.00337433717695082,0.00333364457874694,2.64103157865111e-113,0,0.00313345915854964,0.00248343974880505,,0.000915263048182453,,0.00313345915854964,,0.00111832529675103,0.00280470040399376,0.00162894652254167,0.00304421028150119,0.00667302942833164
0.6,0.207163611278622,0.646929144430843,0.294419215373558,0.637438695270552,0.656333379948448,4.95249776243425e-114,0,0.443583720162585,0.760042061654441,,0.865983431522,,0.443583720162585,,0.215643048143614,0.601812890908513,0.52741241195897,0.630931064262839,0.364225624342908,0.00335497589025307,0.00764631402910384,0.00337433717695082,0.00333364457874694,2.64103157865111e-113,0,0.00313345915854964,0.00248343974880505,,0.000915263048182453,,0.00313345915854964,,0.00111832529675103,0.00280470040399376,0.000926437878437746,0.00304421028150119,0.00667302942833164
0.7,0.000110556988504454,0.647157313322484,0.297389977057506,0.637668182183642,0.65656009685216,4.84393924768756e-115,0,0.445811541715213,0.761204356038487,0.610114087205307,0.859025782043197,0.610114087205309,0.445811541715213,0.413363069709749,0.215719104440828,0.60350794887685,0.480880918213615,0.682639755587313,0.361324646381536,0.00338613899865678,0.00769997627423341,0.00340578334771868,0.00336450657953056,2.58770359386649e-114,0,0.00320917769844704,0.00252922648513256,0.0467481996785339,0.0016716202175446,0.046748199678535,0.00320917769844704,0.00403384475146481,0.00112871299955226,0.0028600607241338,0.00216903103234332,0.00337811020380267,0.00678859368943456
0.7,0.000255400982695892,0.647147247559885,0.297182100264371,0.637658057483743,0.65655009593669,3.04030077604914e-115,0,0.445645378883085,0.76112200954826,0.618463066297835,0.859465255221159,0.618463066297836,0.445645378883085,0.413004522778688,0.215715749186628,0.603383694215672,0.480896600908785,0.682640227141046,0.361497336987883,0.00337965950298448,0.00768754455948612,0.00339926540035803,0.00335806930967245,1.62392607420924e-114,0,0.00321958757281523,0.00251844210080429,0.0561834166080991,0.0016079346994136,0.0561834166080974,0.00321958757281523,0.00406354455943345,0.00112655316766149,0.00285980802299184,0.00217017631768713,0.00339326504638276,0.00677796458500738
0.7,0.000590009395556206,0.647184162563653,0.296964841338127,0.637695180654963,0.656586781096638,1.87218236318992e-115,0,0.445423659712575,0.761027498822999,0.623131352097738,0.860281064068364,0.623131352097742,0.445423659712575,0.412499444569138,0.215728054187884,0.603225579267787,0.480954397622582,0.682599275863337,0.361943497797994,0.00334830178977683,0.00762578566684115,0.00336775750597847,0.0033268800900003,1.01903762936485e-114,0,0.00313800949286795,0.00250257878328761,0.0609898548402782,0.00151328229929358,0.0609898548402748,0.00313800949286795,0.00388144646380195,0.00111610059659228,0.00281294595051703,0.00217140444057002,0.00338625763340884,0.00666708770994025
0.7,0.0013629982280025,0.64707342532092,0.296187043615377,0.63758380265521,0.656476749634018,4.75653992253499e-115,0,0.444819812939018,0.760740070057614,0.627382726840463,0.861668105802935,0.627382726840456,0.444819812939018,0.411038343827298,0.21569114177364,0.602779941498316,0.481122936472693,0.682563634807112,0.362364164462331,0.00332928429195966,0.00758477231584559,0.00334855045337894,0.00330806340650005,2.58859564701295e-114,0,0.00313563835384161,0.00247767806909241,0.0977555779914548,0.0012561781260437,0.0977555779914526,0.00313563835384161,0.0039000892564492,0.00110976143065322,0.00279814439797391,0.00217405347150165,0.00341380016095398,0.00664042174212065
0.7,0.0031487026876693,0.646942558916987,0.295166674648923,0.637452185697347,0.656346710622363,7.68665401617961e-114,0,0.444108788590109,0.760348557514045,0.637772317150699,0.863720946313704,0.637772317150696,0.444108788590109,0.410232410198378,0.215647519638996,0.602228673052077,0.481816417684093,0.68197444921863,0.363118721551114,0.00334696089663622,0.00765478390733368,0.00336628084813947,0.00332567583246925,4.19958199168159e-113,0,0.00314231353667495,0.00249611243583267,0.144308474410361,0.00102105570651487,0.144308474410361,0.00314231353667495,0.00401562727773078,0.00111565363221207,0.00281410513313202,0.00215074796714957,0.00340105516320822,0.00663620556866447
0.7,0.00727391159551653,0.646895584231154,0.294437294520506,0.637404940322276,0.65630003420545,3.1213368741883e-114,0,0.443608206106392,0.760056294712717,,0.865641884600776,,0.443608206106392,,0.215631861410385,0.601832250409554,0.48408619056858,0.678918084470244,0.363992181716676,0.00334286059824755,0.00762246320652761,0.00336215740158233,0.00332160100170193,1.66090559602761e-113,0,0.00312240618398019,0.00247795131473682,,0.000939861957048783,,0.00312240618398019,,0.00111428686608252,0.00279639248917675,0.00213004174406559,0.00343688258909909,0.00664188443063205
0.7,0.016803679212582,0.646848610895615,0.294277732971387,0.637357697366975,0.656253358067586,1.2313422686273e-113,0,0.443532947868088,0.760000288378325,,0.865816550952354,,0.443532947868088,,0.215616203631872,0.601766618123206,0.488812452238171,0.671271985250574,0.363992198904381,0.00334556619919426,0.0076302554305191,0.00336486128622415,0.00332430660343352,6.66989334500319e-113,0,0.00312720389812573,0.00247912072877757,,0.000913091714164115,,0.00312720389812573,,0.00111518873306475,0.00279939775029205,0.00204116167925744,0.00336941997981399,0.00664620663124863
0.7,0.0388186784196557,0.646929144430843,0.294419215373558,0.637438695270552,0.656333379948448,4.95249776243425e-114,0,0.443583720162585,0.760042061654441,,0.865983431522,,0.443583720162585,,0.215643048143614,0.601812890908513,0.495685865864881,0.652750906114312,0.364225624342908,0.00335497589025307,0.00764631402910384,0.00337433717695082,0.00333364457874694,2.64103157865111e-113,0,0.00313345915854964,0.00248343974880505,,0.000915263048182453,,0.00313345915854964,,0.00111832529675103,0.00280470040399376,0.00191586556743367,0.00364286097159221,0.00667302942833164
0.7,0.0896761819352239,0.646929144430843,0.294419215373558,0.637438695270552,0.656333379948448,4.95249776243425e-114,0,0.443583720162585,0.760042061654441,,0.865983431522,,0.443583720162585,,0.215643048143614,0.601812890908513,0.506265762044598,0.630931064262839,0.364225624342908,0.00335497589025307,0.00764631402910384,0.00337433717695082,0.00333364457874694,2.64103157865111e-113,0,0.00313345915854964,0.00248343974880505,,0.000915263048182453,,0.00313345915854964,,0.00111832529675103,0.00280470040399376,0.00160883450894885,0.00304421028150119,0.00667302942833164
0.7,0.207163611278622,0.646929144430843,0.294419215373558,0.637438695270552,0.656333379948448,4.95249776243425e-114,0,0.443583720162585,0.760042061654441,,0.865983431522,,0.443583720162585,,0.215643048143614,0.601812890908513,0.531273298737291,0.630931064262839,0.364225624342908,0.00335497589025307,0.00764631402910384,0.00337433717695082,0.00333364457874694,2.64103157865111e-113,0,0.00313345915854964,0.00248343974880505,,0.000915263048182453,,0.00313345915854964,,0.00111832529675103,0.00280470040399376,0.000804741439700326,0.00304421028150119,0.00667302942833164
0.8,0.000110556988504454,0.647160670153228,0.29737667098656,0.637671558400826,0.656563432324708,4.84384737361763e-115,0,0.445795214279802,0.761198010337887,0.6127496595817,0.859058564422343,0.612749659581701,0.445795214279802,0.413319946688874,0.215720223384409,0.603496612308845,0.48087708283672,0.682639902080047,0.361342600297953,0.0033863674436214,0.00769415329599948,0.00340601624623916,0.00336473040323026,2.58770537077856e-114,0,0.00321250087128869,0.00252497559027811,0.0472889177415477,0.00167296131600764,0.0472889177415475,0.00321250087128869,0.00403738504776443,0.0011287891478738,0.00286021988091866,0.00217037848594326,0.00338282996011387,0.00679309592251346
0.8,0.000255400982695892,0.647133823277418,0.297117545649687,0.637644557760886,0.656536754977615,4.7739762548162e-115,0,0.445592904339534,0.761098421218683,0.617408413947747,0.859532211476771,0.617408413947747,0.445592904339534,0.41289876499971,0.215711274425806,0.603345662779109,0.480890456304016,0.682638720538601,0.361502582834355,0.00339248270824288,0.00771280313248099,0.00341216503989782,0.00337080860216951,2.58836175472473e-114,0,0.00322804689998354,0.002525510908138,0.058347274723107,0.00161379473919878,0.0583472747231051,0.00322804689998354,0.00406085217638388,0.00113082756941429,0.00286846538653593,0.0021705792173118,0.00339523065674629,0.0068005028623567
0.8,0.000590009395556206,0.647204293752061,0.296938354348556,0.637715422525174,0.656606789785382,1.1713952720945e-115,0,0.445410996715044,0.761007859443791,0.630403305241444,0.860462258204327,0.630403305241446,0.445410996715044,0.412463309799676,0.21573476458402,0.603209428079418,0.480942826402876,0.682602399316273,0.36208076158729,0.0033117245972661,0.00757374695580589,0.00333096720131417,0.00329053754413688,6.38988316739424e-115,0,0.00311850708393285,0.00248867898091708,0.0620354922220287,0.00141667998807717,0.0620354922220246,0.00311850708393285,0.00386985888047133,0.0011039081990887,0.00279626455861227,0.00217441759695398,0.00339034214238838,0.0065571334631762
0.8,0.0013629982280025,0.647026449958309,0.29599412327477,0.637536552813833,0.656430076331411,7.5475800766714e-115,0,0.444697915675284,0.760671081062642,0.622077202128987,0.861904724819684,0.62207720212898,0.444697915675284,0.410677730826416,0.215675483319436,0.602684498368963,0.481129061541741,0.682528249587827,0.362390883424305,0.00330109955209378,0.00753648223033313,0.00332018824591014,0.00328007261757259,4.1235663206487e-114,0,0.00309994342834561,0.00246376259853032,0.0994044225515444,0.00119205954986344,0.0994044225515422,0.00309994342834561,0.00387956263995179,0.00110036651736459,0.00277352380352448,0.00217624217445827,0.00341418043880383,0.00655208077875743
0.8,0.0031487026876693,0.646902290798468,0.294931976848806,0.637411684739609,0.656306698987813,4.87328073212698e-113,0,0.443945697809229,0.760261517967712,0.627453728575042,0.864125896998526,0.627453728575041,0.443945697809229,0.410476520342268,0.215634096932823,0.602103607888471,0.481923649651079,0.681734743043514,0.363237742505224,0.00333847811467597,0.0076276254260946,0.00335772843994885,0.00331726768977138,2.66790058996417e-112,0,0.00313867637346701,0.00248222477307211,0.161027025641125,0.000990089973530315,0.161027025641125,0.00313867637346701,0.00353287570512421,0.00111282603822532,0.00280556963566193,0.00215313183530056,0.0034061011666513,0.00662825674466044
0.8,0.00727391159551653,0.646835184586348,0.294290589243137,0.637344195039529,0.656240015661993,7.75489392929462e-114,0,0.443545782791221,0.760008509363029,,0.865661019585164,,0.443545782791221,,0.215611728195449,0.601777146077125,0.484443033361623,0.678090333720204,0.3638882715065,0.00335343965356195,0.00764790033841534,0.00337278703660305,0.00333212324553646,4.19849345067866e-113,0,0.00313273518096017,0.00248606883086776,,0.000934976618366257,,0.00313273518096017,,0.00111781321785399,0.00280560856445005,0.00212779868423543,0.00341898278924014,0.00666089965355317
0.8,0.016803679212582,0.646848610895615,0.294277732971387,0.637357697366975,0.656253358067586,1.2313422686273e-113,0,0.443532947868088,0.760000288378325,,0.865816550952354,,0.443532947868088,,0.215616203631872,0.601766618123206,0.489396860206537,0.669375270780558,0.363992198904381,0.00334556619919426,0.0076302554305191,0.00336486128622415,0.00332430660343352,6.66989334500319e-113,0,0.00312720389812573,0.00247912072877757,,0.000913091714164115,,0.00312720389812573,,0.00111518873306475,0.00279939775029205,0.00204030925758294,0.0033439388754248,0.00664620663124863
0.8,0.0388186784196557,0.646929144430843,0.294419215373558,0.637438695270552,0.656333379948448,4.95249776243425e-114,0,0.443583720162585,0.760042061654441,,0.865983431522,,0.443583720162585,,0.215643048143614,0.601812890908513,0.496123165600702,0.652786783928685,0.364225624342908,0.00335497589025307,0.00764631402910384,0.00337433717695082,0.00333364457874694,2.64103157865111e-113,0,0.00313345915854964,0.00248343974880505,,0.000915263048182453,,0.00313345915854964,,0.00111832529675103,0.00280470040399376,0.00193138226282674,0.00363392407227919,0.00667302942833164
0.8,0.0896761819352239,0.646929144430843,0.294419215373558,0.637438695270552,0.656333379948448,4.95249776243425e-114,0,0.443583720162585,0.760042061654441,,0.865983431522,,0.443583720162585,,0.215643048143614,0.601812890908513,0.506819507754886,0.630931064262839,0.364225624342908,0.00335497589025307,0.00764631402910384,0.00337433717695082,0.00333364457874694,2.64103157865111e-113,0,0.00313345915854964,0.00248343974880505,,0.000915263048182453,,0.00313345915854964,,0.00111832529675103,0.00280470040399376,0.00158614725181257,0.00304421028150119,0.00667302942833164
0.8,0.207163611278622,0.646929144430843,0.294419215373558,0.637438695270552,0.656333379948448,4.95249776243425e-114,0,0.443583720162585,0.760042061654441,,0.865983431522,,0.443583720162585,,0.215643048143614,0.601812890908513,0.536068277162596,0.630931064262839,0.364225624342908,0.00335497589025307,0.00764631402910384,0.00337433717695082,0.00333364457874694,2.64103157865111e-113,0,0.00313345915854964,0.00248343974880505,,0.000915263048182453,,0.00313345915854964,,0.00111832529675103,0.00280470040399376,0.00065704327468857,0.00304421028150119,0.00667302942833164
0.9,0.000110556988504454,0.64717073659213,0.297373450631924,0.637681684206153,0.656573433486471,4.84401512035154e-115,0,0.445791416917317,0.761194048562473,0.614204622766433,0.859132340085435,0.614204622766435,0.445791416917317,0.413305734681099,0.215723578864043,0.603492732739895,0.480873156384622,0.682639174619117,0.36139703743302,0.00339560972556211,0.00771592483866504,0.00341531509002238,0.00337391070212804,2.58770212972161e-114,0,0.00322537760001577,0.00253033070797276,0.0469352630133589,0.00165383165194976,0.0469352630133588,0.00322537760001577,0.00405766261921903,0.0011318699085207,0.00286934580757123,0.00217151468821621,0.00338514269646341,0.00681033795552366
0.9,0.000255400982695892,0.647130468811286,0.297081329575253,0.637641184555028,0.656533421220027,3.01339805691125e-115,0,0.445555510274506,0.761085445180466,0.615589632871209,0.859606695263448,0.61558963287121,0.445555510274506,0.412818947107026,0.215710156270429,0.603320477727486,0.480884075698219,0.682635440485285,0.361528635382401,0.00339619280212008,0.00771997469102493,0.0034159087772043,0.00337448284361191,1.62413700396588e-114,0,0.00321670482624392,0.00253074027513022,0.0553281031139627,0.00161916959894792,0.0553281031139599,0.00321670482624392,0.00402973761889425,0.00113206426737336,0.00286547523790194,0.00217134600571787,0.00339655225992116,0.00680073285413231
0.9,0.000590009395556206,0.647211001671095,0.296895413317565,0.637722169858214,0.656613454353569,1.1748535734087e-115,0,0.445353363197813,0.760991396347841,0.629100282261594,0.860629004393125,0.629100282261596,0.445353363197813,0.41251685416403,0.215737000557032,0.603172379772827,0.480931596243728,0.682605282736352,0.362165425855095,0.00331725378332565,0.00758075320962165,0.00333651652880673,0.0032960434328924,6.38929963586464e-115,0,0.0031207718395705,0.00248836001045122,0.0739757285662786,0.00139920304945278,0.0739757285662765,0.0031207718395705,0.00380611469059165,0.00110575126110855,0.00279678069316159,0.0021772044030005,0.00339468283567774,0.00657847758583887
0.9,0.0013629982280025,0.647033165307968,0.295900947436795,0.63754330957661,0.656436746321957,4.74869809978996e-115,0,0.444597917193549,0.760633727082405,0.621887882955537,0.862202015403576,0.621887882955531,0.444597917193549,0.410645507416636,0.215677721769323,0.602615822137977,0.481138057571516,0.682489976583638,0.362538326516473,0.00332011749489427,0.00757782754195705,0.00333931532888281,0.00329897014337878,2.58873750949717e-114,0,0.00312711282369797,0.00247219102748014,0.108575286198598,0.00114441217499483,0.108575286198597,0.00312711282369797,0.00398543279205092,0.00110670583163142,0.0027925294532571,0.00217681823263164,0.00341283753968156,0.00659887012072282
0.9,0.0031487026876693,0.646831820999719,0.294684455072974,0.637340815527751,0.656236669979546,4.87326715851834e-113,0,0.443773080709809,0.760179863381178,0.539080020169853,0.864371735352577,0.539080020169853,0.443773080709809,0.411325768960123,0.215610606999906,0.601976472045494,0.482040150512246,0.681468330682348,0.363207965338321,0.00337698601711777,0.00768636152498173,0.00339646874336935,0.00335552064445828,2.66790078639701e-112,0,0.00315354171529372,0.00249800477149624,0.162805439021171,0.0010929391757655,0.162805439021171,0.00315354171529372,0.00264383973093282,0.00112566200570593,0.00282182406886041,0.00215776621331949,0.00340786174399859,0.00675775122768148
0.9,0.00727391159551653,0.646818409215318,0.294235993817458,0.637327322184572,0.656223347623411,1.22683637827907e-113,0,0.443519993594996,0.759989683304854,,0.865716901744696,,0.443519993594996,,0.215606136405106,0.601754838449925,0.484794798520974,0.677223097861428,0.363884201992209,0.00334595656143827,0.00763433836370898,0.00336525329120813,0.00332469513439378,6.67054637590436e-113,0,0.00312848229107917,0.00248128370952568,,0.000909983593390887,,0.00312848229107917,,0.00111531885381276,0.00280110128823439,0.00212667186052752,0.00341975553280322,0.00664003878606604
0.9,0.016803679212582,0.646851966712924,0.294283624886939,0.637361071508259,0.656256693590567,7.79995235642889e-114,0,0.443535063464263,0.760002029113263,,0.865823776925113,,0.443535063464263,,0.215617322237641,0.601768546288763,0.48992698490953,0.667806205174658,0.364002076805572,0.00333890891367805,0.00761871609425228,0.00335816813981997,0.00331768908084814,4.19795703997716e-113,0,0.00312301840538767,0.00247579395791776,,0.000897120639556056,,0.00312301840538767,,0.00111296963789269,0.00279563536531965,0.00204501370168548,0.00340887653545828,0.00662592652199563
0.9,0.0388186784196557,0.646929144430843,0.294419215373558,0.637438695270552,0.656333379948448,4.95249776243425e-114,0,0.443583720162585,0.760042061654441,,0.865983431522,,0.443583720162585,,0.215643048143614,0.601812890908513,0.496646867377979,0.652441592209453,0.364225624342908,0.00335497589025307,0.00764631402910384,0.00337433717695082,0.00333364457874694,2.64103157865111e-113,0,0.00313345915854964,0.00248343974880505,,0.000915263048182453,,0.00313345915854964,,0.00111832529675103,0.00280470040399376,0.00195070529727819,0.00361039254840423,0.00667302942833164
0.9,0.0896761819352239,0.646929144430843,0.294419215373558,0.637438695270552,0.656333379948448,4.95249776243425e-114,0,0.443583720162585,0.760042061654441,,0.865983431522,,0.443583720162585,,0.215643048143614,0.601812890908513,0.507420430372477,0.630931064262839,0.364225624342908,0.00335497589025307,0.00764631402910384,0.00337433717695082,0.00333364457874694,2.64103157865111e-113,0,0.00313345915854964,0.00248343974880505,,0.000915263048182453,,0.00313345915854964,,0.00111832529675103,0.00280470040399376,0.00155969562088506,0.00304421028150119,0.00667302942833164
0.9,0.207163611278622,0.646929144430843,0.294419215373558,0.637438695270552,0.656333379948448,4.95249776243425e-114,0,0.443583720162585,0.760042061654441,,0.865983431522,,0.443583720162585,,0.215643048143614,0.601812890908513,0.541984645202239,0.630931064262839,0.364225624342908,0.00335497589025307,0.00764631402910384,0.00337433717695082,0.00333364457874694,2.64103157865111e-113,0,0.00313345915854964,0.00248343974880505,,0.000915263048182453,,0.00313345915854964,,0.00111832529675103,0.00280470040399376,0.000473128089920349,0.00304421028150119,0.00667302942833164
1,0.000110556988504454,0.64714724688433,0.297299356050658,0.63765805904322,0.656550093026457,3.1530359092918e-115,0,0.445741310709866,0.761169826074902,0.615068527808929,0.859166903311876,0.615068527808931,0.445741310709866,0.413211534341728,0.215715748961443,0.603455568392384,0.480869624223975,0.682638078037757,0.361361741677663,0.00339478741304163,0.00771526914823692,0.00341448549484945,0.00337309617545644,1.62449687413005e-114,0,0.00321630790262794,0.00253131110680494,0.0475913351412912,0.00165124181473651,0.0475913351412912,0.00321630790262794,0.00403597692630237,0.00113159580434721,0.00286525786598999,0.00217201303443331,0.00338676399004636,0.00680257853135417
1,0.000255400982695892,0.64711704587986,0.297025572844348,0.637627682686216,0.656520085108081,2.98614259860192e-115,0,0.445516416448393,0.761065981317918,0.615610303591273,0.859673163364064,0.615610303591274,0.445516416448393,0.412746152931238,0.215705681959953,0.603291198883155,0.480878901637726,0.682627223899149,0.361533450696176,0.0033851823845227,0.00768540812654727,0.00340483535179359,0.00336354191457881,1.62449049522266e-114,0,0.0031846474267084,0.00251967217065448,0.0546393988157136,0.00165193778047603,0.0546393988157109,0.0031846474267084,0.0039643407307702,0.00112839412817423,0.00284423716396861,0.00217240277469593,0.00339742076306815,0.00678912770473869
1,0.000590009395556206,0.647167379761318,0.296732049958471,0.63767829414639,0.656570111859067,4.73116894251026e-115,0,0.4452327877068,0.760934894043277,0.633998945411836,0.860759379517311,0.633998945411837,0.4452327877068,0.412286756902574,0.215722459920439,0.603083840875038,0.48092135279652,0.682607467703573,0.362139133434734,0.00330061997324679,0.00754928671900912,0.00331976601410548,0.00327953608354557,2.58905129839883e-114,0,0.00311980425472432,0.0024762887253304,0.0778648800257604,0.0013681403178487,0.0778648800257578,0.00311980425472432,0.00380882174883972,0.00110020665774892,0.00279165616186577,0.00217883101571184,0.00339454307980509,0.00655727710542993
1,0.0013629982280025,0.647056656028997,0.295840863708944,0.637566932911234,0.656460090636102,4.75887682967003e-115,0,0.444513149199871,0.76060729557794,0.635993970662178,0.862544191123167,0.63599397066217,0.444513149199871,0.410361200628219,0.215685552009666,0.602560222388905,0.481151165033794,0.682449172643953,0.362739008940693,0.00330204904064273,0.00753206187458625,0.00332114300627203,0.00328101612246178,2.5885716673415e-114,0,0.00307922401374718,0.00245967450640833,0.104925327581136,0.00116953299768109,0.104925327581134,0.00307922401374718,0.00386390269186749,0.00110068301354758,0.0027634754019772,0.00217703020894689,0.00340322105766541,0.00657457703690499
1,0.0031487026876693,0.646778137042723,0.294504167878956,0.637286824384566,0.656183324726323,3.07385656896098e-113,0,0.443687921127,0.760114355370922,0.510868092476482,0.864524714861986,0.510868092476482,0.443687921127,0.413078590552645,0.215592712347574,0.601901138248961,0.48216655447461,0.681173085719876,0.363191970098908,0.00338524339078577,0.00769787771598846,0.00340476632093397,0.0033637328241518,1.68154886631353e-112,0,0.00315912711287527,0.00249989180515701,0.150217115696608,0.00109202913932283,0.150217115696608,0.00315912711287527,,0.00112841446359526,0.00282551597829714,0.0021632781095791,0.00341103179836238,0.00677856654952241
1,0.00727391159551653,0.64682512085014,0.29423970195572,0.637334071698914,0.656230017437781,1.2313423225235e-113,0,0.443520168088902,0.759989369671287,,0.865755921526446,,0.443520168088902,,0.215608373616713,0.601754768880094,0.48513180055765,0.676373809716032,0.363918326598533,0.00334127923806878,0.00762380314838978,0.00336054602225252,0.0033200504904851,6.66989333471023e-113,0,0.00312497655991247,0.00247739064842943,,0.00090584319510599,,0.00312497655991247,,0.00111375974602292,0.00279740402800687,0.00212847520379017,0.0034338636401525,0.00663228442663277
1,0.016803679212582,0.646858678009731,0.294295417935548,0.637367821360989,0.656263362390781,7.79995235364892e-114,0,0.443539294253872,0.760005510310468,,0.865837776913482,,0.443539294253872,,0.215619559336577,0.60177240228217,0.490407932687992,0.665841330297193,0.364021613037675,0.00333879680725974,0.00761810360449558,0.00335805513960706,0.00331757793015326,4.1979570400306e-113,0,0.00312290719377868,0.00247546798311349,,0.000897723236819653,,0.00312290719377868,,0.00111293226908658,0.00279541887417557,0.00205794505381481,0.00342844512526735,0.0066265153548442
1,0.0388186784196557,0.646929144430843,0.294419215373558,0.637438695270552,0.656333379948448,4.95249776243425e-114,0,0.443583720162585,0.760042061654441,,0.865983431522,,0.443583720162585,,0.215643048143614,0.601812890908513,0.49719674713835,0.652397736741146,0.364225624342908,0.00335497589025307,0.00764631402910384,0.00337433717695082,0.00333364457874694,2.64103157865111e-113,0,0.00313345915854964,0.00248343974880505,,0.000915263048182453,,0.00313345915854964,,0.00111832529675103,0.00280470040399376,0.00196870356122672,0.00357671171032116,0.00667302942833164
1,0.0896761819352239,0.646929144430843,0.294419215373558,0.637438695270552,0.656333379948448,4.95249776243425e-114,0,0.443583720162585,0.760042061654441,,0.865983431522,,0.443583720162585,,0.215643048143614,0.601812890908513,0.508107976186541,0.630931064262839,0.364225624342908,0.00335497589025307,0.00764631402910384,0.00337433717695082,0.00333364457874694,2.64103157865111e-113,0,0.00313345915854964,0.00248343974880505,,0.000915263048182453,,0.00313345915854964,,0.00111832529675103,0.00280470040399376,0.00153009842840281,0.00304421028150119,0.00667302942833164
1,0.207163611278622,0.528725451060254,0,0.518851671947594,0.538582379977585,0.504086006477861,,0.333333333333333,0.666666666666667,,,,0.333333333333333,,0.176241817020085,0.5,0.549514804316105,0.630931064262839,,3.38752540760747e-05,0,3.37041948489254e-05,3.40297090469629e-05,2.42052356803419e-07,,0,0,,,,0,,1.12917513586877e-05,0,0.000244293593257811,0.00304421028150119,
